0,A
1,AAL
2,AAP
3,AAPL
4,ABBV
5,ABC
6,ABT
7,ACN
8,ADBE
9,ADI
10,ADM
11,ADP
12,ADS
13,ADSK
14,AEE
15,AEP
16,AES
17,AET
18,AFL
19,AGN
20,AIG
21,AIV
22,AIZ
23,AJG
24,AKAM
25,ALB
26,ALGN
27,ALK
28,ALL
29,ALLE
30,ALNY
31,ALXN
32,AMAT
33,AMD
34,AME
35,AMG
36,AMGN
37,AMP
38,AMT
39,AMZN
40,ANDV
41,ANSS
42,ANTM
43,AON
44,AOS
45,APA
46,APC
47,APD
48,APH
49,APTV
50,ARE
51,ARNC
52,ATVI
53,AVB
54,AVGO
55,AVY
56,AWK
57,AXP
58,AYI
59,AZO
60,BA
61,BAC
62,BAX
63,BBT
64,BBY
65,BDX
66,BEN
67,BF.B
68,BHF
69,BHGE
70,BIIB
71,BK
72,BKNG
73,BLK
74,BLL
75,BMRN
76,BMY
77,BRK.B
78,BSX
79,BWA
80,BXP
81,C
82,CA
83,CAG
84,CAH
85,CAT
86,CB
87,CBOE
88,CBRE
89,CBS
90,CCI
91,CCL
92,CDNS
93,CELG
94,CERN
95,CF
96,CFG
97,CHD
98,CHRW
99,CHTR
100,CI
101,CINF
102,CL
103,CLX
104,CMA
105,CMCSA
106,CME
107,CMG
108,CMI
109,CMS
110,CNC
111,CNP
112,COF
113,COG
114,COL
115,COO
116,COP
117,COST
118,COTY
119,CPB
120,CRBP
121,CRM
122,CSCO
123,CSRA
124,CSX
125,CTAS
126,CTL
127,CTSH
128,CTXS
129,CVS
130,CVX
131,CXO
132,D
133,DAL
134,DE
135,DFS
136,DG
137,DGX
138,DHI
139,DHR
140,DIS
141,DISCA
142,DISCK
143,DISH
144,DLR
145,DLTR
146,DOV
147,DPS
148,DRE
149,DRI
150,DTE
151,DUK
152,DVA
153,DVN
154,DWDP
155,DXC
156,EA
157,EBAY
158,ECL
159,ED
160,EFX
161,EIX
162,EL
163,EMN
164,EMR
165,EOG
166,EQIX
167,EQR
168,EQT
169,ES
170,ESRX
171,ESS
172,ETFC
173,ETN
174,ETR
175,EVHC
176,EW
177,EXC
178,EXEL
179,EXPD
180,EXPE
181,EXR
182,F
183,FAST
184,FB
185,FBHS
186,FCX
187,FDX
188,FE
189,FFIV
190,FIS
191,FISV
192,FITB
193,FL
194,FLIR
195,FLR
196,FLS
197,FMC
198,FOX
199,FOXA
200,FRT
201,FTI
202,FTV
203,GD
204,GE
205,GGP
206,GILD
207,GIS
208,GLW
209,GM
210,GOOG
211,GOOGL
212,GPC
213,GPN
214,GPS
215,GRMN
216,GS
217,GT
218,GWW
219,HAL
220,HAS
221,HBAN
222,HBI
223,HCA
224,HCP
225,HD
226,HES
227,HIG
228,HII
229,HLT
230,HOG
231,HOLX
232,HON
233,HP
234,HPE
235,HPQ
236,HRB
237,HRL
238,HRS
239,HSIC
240,HST
241,HSY
242,HUM
243,IBB
244,IBM
245,ICE
246,IDXX
247,IFF
248,ILMN
249,INCY
250,INFO
251,INTC
252,INTU
253,IP
254,IPG
255,IPGP
256,IQV
257,IR
258,IRM
259,ISRG
260,IT
261,ITW
262,IVZ
263,IWM
264,JBHT
265,JCI
266,JEC
267,JNJ
268,JNPR
269,JPM
270,JWN
271,K
272,KEY
273,KHC
274,KIM
275,KLAC
276,KMB
277,KMI
278,KMX
279,KO
280,KORS
281,KR
282,KSS
283,KSU
284,L
285,LB
286,LEG
287,LEN
288,LH
289,LKQ
290,LLL
291,LLY
292,LMT
293,LNC
294,LNT
295,LOW
296,LRCX
297,LUK
298,LUV
299,LYB
300,M
301,MA
302,MAA
303,MAC
304,MAR
305,MAS
306,MAT
307,MCD
308,MCHP
309,MCK
310,MCO
311,MDLZ
312,MDT
313,MET
314,MGM
315,MHK
316,MKC
317,MLM
318,MMC
319,MMM
320,MNST
321,MO
322,MON
323,MOS
324,MPC
325,MRK
326,MRNS
327,MRO
328,MS
329,MSFT
330,MSI
331,MTB
332,MTD
333,MU
334,MYL
335,NAVI
336,NBIX
337,NBL
338,NCLH
339,NDAQ
340,NEE
341,NEM
342,NFLX
343,NFX
344,NI
345,NKE
346,NKTR
347,NLSN
348,NOC
349,NOV
350,NRG
351,NSC
352,NTAP
353,NTRS
354,NUE
355,NVDA
356,NWL
357,NWS
358,NWSA
359,O
360,OKE
361,OMC
362,ORCL
363,ORLY
364,OXY
365,PAYX
366,PBCT
367,PCAR
368,PCG
369,PEG
370,PEP
371,PFE
372,PFG
373,PG
374,PGR
375,PH
376,PHM
377,PKG
378,PKI
379,PLD
380,PM
381,PNC
382,PNR
383,PNW
384,PPG
385,PPL
386,PRGO
387,PRU
388,PSA
389,PSX
390,PVH
391,PWR
392,PX
393,PXD
394,PYPL
395,QCOM
396,QQQ
397,QRVO
398,RCL
399,RE
400,REG
401,REGN
402,RF
403,RHI
404,RHT
405,RJF
406,RL
407,RMD
408,ROK
409,ROP
410,ROST
411,RRC
412,RSG
413,RTN
414,RUT
415,SBAC
416,SBUX
417,SCG
418,SCHW
419,SEE
420,SHW
421,SIVB
422,SJM
423,SLB
424,SLG
425,SNA
426,SNPS
427,SO
428,SPG
429,SPGI
430,SPY
431,SRCL
432,SRE
433,SRPT
434,STI
435,STT
436,STX
437,STZ
438,SWK
439,SWKS
440,SYF
441,SYK
442,SYMC
443,SYY
444,T
445,TAP
446,TDG
447,TEL
448,TGT
449,TIF
450,TJX
451,TMK
452,TMO
453,TPR
454,TRIP
455,TROW
456,TRV
457,TSCO
458,TSN
459,TSS
460,TTWO
461,TWX
462,TXN
463,TXT
464,UA
465,UAA
466,UAL
467,UDR
468,UHS
469,ULTA
470,UNH
471,UNM
472,UNP
473,UPS
474,URI
475,USB
476,UTX
477,V
478,VAR
479,VFC
480,VIAB
481,VLO
482,VMC
483,VNO
484,VRSK
485,VRSN
486,VRTX
487,VTR
488,VZ
489,WAT
490,WBA
491,WDC
492,WEC
493,WELL
494,WFC
495,WHR
496,WLTW
497,WM
498,WMB
499,WMT
500,WRK
501,WU
502,WY
503,WYN
504,WYNN
505,XBI
506,XEC
507,XEL
508,XL
509,XLNX
510,XLP
511,XOM
512,XRAY
513,XRT
514,XRX
515,XYL
516,YUM
517,ZBH
518,ZION
519,ZTS
